user_id,last_duration_on_half_marathon,last_duration_on_marathon,last_duration_on_10k,last_duration_on_5k
3,7602.834729144568,14209.511200703571,3270.023260941884,1751.8772039524608
4,6849.6460374780045,15952.726893600237,3712.554054170928,1770.4063074341798
1,7615.944381315781,14771.692278334458,3446.3182032000627,1751.0226895747633
5,7229.745426850447,15053.319686535591,3894.0474531744417,1792.007366779461
2,7653.050409485655,15970.228423945062,3422.12882420133,1638.4650156799994
